[
    {
        "model": "auth.user",
        "pk": 2,
        "fields": {
            "password": "!oJtDgshNeFAoie6sIIsZtQLGzKONbEDfouglnYxA",
            "last_login": "2024-08-12T19:16:32.283Z",
            "is_superuser": false,
            "username": "user2gipfeltutor",
            "first_name": "user2gipfeltutor",
            "last_name": "",
            "email": "user2gipfeltutor@gmail.com",
            "is_staff": false,
            "is_active": true,
            "date_joined": "2024-08-06T12:32:34.298Z",
            "groups": [],
            "user_permissions": []
        }
    },
    {
        "model": "auth.user",
        "pk": 3,
        "fields": {
            "password": "!BwJiWi6DzJeAsJnggzeNCevw5DWvvfhwQlnPxmyx",
            "last_login": "2024-08-06T13:00:40.381Z",
            "is_superuser": false,
            "username": "user1gipfeltutor",
            "first_name": "user1gipfeltutor",
            "last_name": "",
            "email": "user1gipfeltutor@gmail.com",
            "is_staff": false,
            "is_active": true,
            "date_joined": "2024-08-06T12:54:52.687Z",
            "groups": [],
            "user_permissions": []
        }
    },
    {
        "model": "auth.user",
        "pk": 4,
        "fields": {
            "password": "pbkdf2_sha256$720000$8UQOzUDcnGpj3amNTvMP86$YaZZWAwuTb5Kt96SPZ5XZWM7O938QullqDmQu7zWkDU=",
            "last_login": "2024-08-07T09:23:11.109Z",
            "is_superuser": false,
            "username": "mailuser1gipfeltutor",
            "first_name": "",
            "last_name": "",
            "email": "mailuser1@test.com",
            "is_staff": false,
            "is_active": true,
            "date_joined": "2024-08-06T13:10:49Z",
            "groups": [],
            "user_permissions": []
        }
    },
    {
        "model": "auth.user",
        "pk": 5,
        "fields": {
            "password": "pbkdf2_sha256$720000$RruJHIQfrkiNoFGVmY7SmO$5EVJKbnPIjA0Y9jwl40qnFMwcVeYOlOeOnf1UXbVRYM=",
            "last_login": "2024-08-07T06:06:01Z",
            "is_superuser": false,
            "username": "mailuser2gipfeltutor",
            "first_name": "",
            "last_name": "",
            "email": "mailuser2@test.com",
            "is_staff": true,
            "is_active": true,
            "date_joined": "2024-08-07T05:57:06Z",
            "groups": [
                1,
                2
            ],
            "user_permissions": []
        }
    },
    {
        "model": "auth.user",
        "pk": 6,
        "fields": {
            "password": "!EtuFXB6FXozfMl9WEhgFaaVEjpXrmebTW0n4YRVF",
            "last_login": "2024-08-07T19:47:28.755Z",
            "is_superuser": false,
            "username": "maria",
            "first_name": "Maria",
            "last_name": "Schäfer",
            "email": "maria85.schaefer@gmail.com",
            "is_staff": false,
            "is_active": true,
            "date_joined": "2024-08-07T19:47:27.832Z",
            "groups": [],
            "user_permissions": []
        }
    },
    {
        "model": "auth.user",
        "pk": 7,
        "fields": {
            "password": "!9s29giZIbLV9YdmvOwasFcUXSdEL2G7M5q9WbLWM",
            "last_login": "2024-08-08T14:11:18.552Z",
            "is_superuser": false,
            "username": "benjamin",
            "first_name": "Benjamin",
            "last_name": "Schäfer",
            "email": "jzoxv72f@students.codeinstitute.net",
            "is_staff": false,
            "is_active": true,
            "date_joined": "2024-08-08T14:08:56.175Z",
            "groups": [],
            "user_permissions": []
        }
    },
    {
        "model": "auth.user",
        "pk": 8,
        "fields": {
            "password": "pbkdf2_sha256$720000$PIJRZHb9X544Eo5cQFNw3n$q+jPgzE23XvnsbzB4AjIO/hFzp98ubYMKUlDnd/sFdU=",
            "last_login": "2024-08-13T13:27:25.322Z",
            "is_superuser": false,
            "username": "venidi1864",
            "first_name": "",
            "last_name": "",
            "email": "venidi1864@chaladas.com",
            "is_staff": false,
            "is_active": true,
            "date_joined": "2024-08-13T13:08:37.596Z",
            "groups": [],
            "user_permissions": []
        }
    },
    {
        "model": "auth.user",
        "pk": 9,
        "fields": {
            "password": "pbkdf2_sha256$720000$tdSuydWQ8Z8kMyUn9zxVkz$+jJjV3kmYdo7fb5NtU2xGLhm9jxQiwULGFbrGGUN9sE=",
            "last_login": "2024-09-02T11:49:14.724Z",
            "is_superuser": false,
            "username": "benschaf",
            "first_name": "",
            "last_name": "",
            "email": "benibschafer@gmail.com",
            "is_staff": false,
            "is_active": true,
            "date_joined": "2024-08-13T13:17:50.201Z",
            "groups": [],
            "user_permissions": []
        }
    },
    {
        "model": "auth.user",
        "pk": 10,
        "fields": {
            "password": "pbkdf2_sha256$720000$0EbpkEsvSa1NuYyxWXSDHo$ZE1RJ/8VJ4BNxhNuHYBbTNDYCR5wFlbfBp0TdDG8Qt0=",
            "last_login": "2024-08-13T13:29:24.437Z",
            "is_superuser": false,
            "username": "vediges512",
            "first_name": "",
            "last_name": "",
            "email": "vediges512@albarulo.com",
            "is_staff": false,
            "is_active": true,
            "date_joined": "2024-08-13T13:28:10.847Z",
            "groups": [],
            "user_permissions": []
        }
    },
    {
        "model": "auth.user",
        "pk": 11,
        "fields": {
            "password": "pbkdf2_sha256$720000$DfvHpuVbkpPvvbQQDj8Q2f$YljxnFYwfP6AkzWn6DkHIZ9t8pzOK3NQgQ3s67+Q4iY=",
            "last_login": "2024-09-02T13:37:25.801Z",
            "is_superuser": true,
            "username": "gitpod",
            "first_name": "",
            "last_name": "",
            "email": "benibschafer@gmail.com",
            "is_staff": true,
            "is_active": true,
            "date_joined": "2024-08-13T13:28:32.279Z",
            "groups": [],
            "user_permissions": []
        }
    },
    {
        "model": "auth.user",
        "pk": 12,
        "fields": {
            "password": "pbkdf2_sha256$720000$Nx2A4RZ8BeyQ81wIVY0UDz$1VS8HkYk6KZ1baXGVoq9Vq08Pj9DqMrXvxPS6dnDSWY=",
            "last_login": "2024-08-13T13:39:48.192Z",
            "is_superuser": false,
            "username": "benschaftest",
            "first_name": "",
            "last_name": "",
            "email": "godahaf789@brinkc.com",
            "is_staff": false,
            "is_active": true,
            "date_joined": "2024-08-13T13:38:38.524Z",
            "groups": [],
            "user_permissions": []
        }
    },
    {
        "model": "auth.user",
        "pk": 100000002,
        "fields": {
            "password": "testuserpasswordhash",
            "last_login": "2024-08-13T14:00:00Z",
            "is_superuser": false,
            "username": "johnsmith",
            "first_name": "",
            "last_name": "",
            "email": "auto_test_user_2@example.com",
            "is_staff": false,
            "is_active": true,
            "date_joined": "2024-09-02T13:03:07.231Z",
            "groups": [],
            "user_permissions": []
        }
    },
    {
        "model": "auth.user",
        "pk": 100000003,
        "fields": {
            "password": "testuserpasswordhash",
            "last_login": "2024-08-13T14:30:00Z",
            "is_superuser": false,
            "username": "janedoe",
            "first_name": "",
            "last_name": "",
            "email": "auto_test_user_3@example.com",
            "is_staff": false,
            "is_active": true,
            "date_joined": "2024-09-02T13:03:07.585Z",
            "groups": [],
            "user_permissions": []
        }
    },
    {
        "model": "auth.user",
        "pk": 100000004,
        "fields": {
            "password": "testuserpasswordhash",
            "last_login": "2024-08-13T15:00:00Z",
            "is_superuser": false,
            "username": "michaelbrown",
            "first_name": "",
            "last_name": "",
            "email": "auto_test_user_4@example.com",
            "is_staff": false,
            "is_active": true,
            "date_joined": "2024-09-02T13:03:07.906Z",
            "groups": [],
            "user_permissions": []
        }
    },
    {
        "model": "auth.user",
        "pk": 100000005,
        "fields": {
            "password": "testuserpasswordhash",
            "last_login": "2024-08-13T15:30:00Z",
            "is_superuser": false,
            "username": "emilywhite",
            "first_name": "",
            "last_name": "",
            "email": "auto_test_user_5@example.com",
            "is_staff": false,
            "is_active": true,
            "date_joined": "2024-09-02T13:03:08.232Z",
            "groups": [],
            "user_permissions": []
        }
    },
    {
        "model": "auth.user",
        "pk": 100000006,
        "fields": {
            "password": "testuserpasswordhash",
            "last_login": "2024-08-13T16:00:00Z",
            "is_superuser": false,
            "username": "davidjones",
            "first_name": "",
            "last_name": "",
            "email": "auto_test_user_6@example.com",
            "is_staff": false,
            "is_active": true,
            "date_joined": "2024-09-02T13:03:08.560Z",
            "groups": [],
            "user_permissions": []
        }
    },
    {
        "model": "auth.user",
        "pk": 100000007,
        "fields": {
            "password": "testuserpasswordhash",
            "last_login": "2024-08-13T16:30:00Z",
            "is_superuser": false,
            "username": "sarahwilson",
            "first_name": "",
            "last_name": "",
            "email": "auto_test_user_7@example.com",
            "is_staff": false,
            "is_active": true,
            "date_joined": "2024-09-02T13:03:08.886Z",
            "groups": [],
            "user_permissions": []
        }
    },
    {
        "model": "auth.user",
        "pk": 100000008,
        "fields": {
            "password": "testuserpasswordhash",
            "last_login": "2024-08-13T17:00:00Z",
            "is_superuser": false,
            "username": "chrislee",
            "first_name": "",
            "last_name": "",
            "email": "auto_test_user_8@example.com",
            "is_staff": false,
            "is_active": true,
            "date_joined": "2024-09-02T13:03:09.211Z",
            "groups": [],
            "user_permissions": []
        }
    },
    {
        "model": "auth.user",
        "pk": 100000009,
        "fields": {
            "password": "testuserpasswordhash",
            "last_login": "2024-08-13T17:30:00Z",
            "is_superuser": false,
            "username": "laurabrown",
            "first_name": "",
            "last_name": "",
            "email": "auto_test_user_9@example.com",
            "is_staff": false,
            "is_active": true,
            "date_joined": "2024-09-02T13:03:09.537Z",
            "groups": [],
            "user_permissions": []
        }
    },
    {
        "model": "auth.user",
        "pk": 100000010,
        "fields": {
            "password": "testuserpasswordhash",
            "last_login": "2024-08-13T18:00:00Z",
            "is_superuser": false,
            "username": "matthewmiller",
            "first_name": "",
            "last_name": "",
            "email": "auto_test_user_10@example.com",
            "is_staff": false,
            "is_active": true,
            "date_joined": "2024-09-02T13:03:09.860Z",
            "groups": [],
            "user_permissions": []
        }
    },
    {
        "model": "auth.user",
        "pk": 100000011,
        "fields": {
            "password": "testuserpasswordhash",
            "last_login": "2024-08-13T18:30:00Z",
            "is_superuser": false,
            "username": "oliviathomas",
            "first_name": "",
            "last_name": "",
            "email": "auto_test_user_11@example.com",
            "is_staff": false,
            "is_active": true,
            "date_joined": "2024-09-02T13:03:10.183Z",
            "groups": [],
            "user_permissions": []
        }
    },
    {
        "model": "auth.user",
        "pk": 100000012,
        "fields": {
            "password": "testuserpasswordhash",
            "last_login": "2024-08-13T19:00:00Z",
            "is_superuser": false,
            "username": "danielgarcia",
            "first_name": "",
            "last_name": "",
            "email": "auto_test_user_12@example.com",
            "is_staff": false,
            "is_active": true,
            "date_joined": "2024-09-02T13:03:10.508Z",
            "groups": [],
            "user_permissions": []
        }
    },
    {
        "model": "auth.user",
        "pk": 100000013,
        "fields": {
            "password": "testuserpasswordhash",
            "last_login": "2024-08-13T19:30:00Z",
            "is_superuser": false,
            "username": "sophiamartinez",
            "first_name": "",
            "last_name": "",
            "email": "auto_test_user_13@example.com",
            "is_staff": false,
            "is_active": true,
            "date_joined": "2024-09-02T13:03:10.834Z",
            "groups": [],
            "user_permissions": []
        }
    },
    {
        "model": "auth.user",
        "pk": 100000014,
        "fields": {
            "password": "testuserpasswordhash",
            "last_login": "2024-08-13T20:00:00Z",
            "is_superuser": false,
            "username": "jamesrodriguez",
            "first_name": "",
            "last_name": "",
            "email": "auto_test_user_14@example.com",
            "is_staff": false,
            "is_active": true,
            "date_joined": "2024-09-02T13:03:11.162Z",
            "groups": [],
            "user_permissions": []
        }
    },
    {
        "model": "tutor_market.tutor",
        "pk": 1,
        "fields": {
            "user": 2,
            "display_name": "Marie",
            "hourly_rate": "15.00",
            "catch_phrase": "I try my best to make learning fun for you 🥳",
            "description": "Hi there! Are you ready to dive into the fascinating worlds of English and history? I'm Marie, your enthusiastic guide to language and the past. With years of teaching experience, I'm passionate about helping you develop your language skills while exploring captivating historical narratives. Whether you're aiming to ace your exams, improve your fluency, or simply broaden your horizons, I offer engaging and informative lessons tailored to your needs. Let's embark on an exciting learning journey together!",
            "profile_image": "tutor_images/Download.jpeg",
            "iban": "CH16123412341234",
            "calendly_event_url": "https://calendly.com/user2gipfeltutor/30min",
            "calendly_personal_token": null,
            "calendly_access_token": "eyJraWQiOiIxY2UxZTEzNjE3ZGNmNzY2YjNjZWJjY2Y4ZGM1YmFmYThhNjVlNjg0MDIzZjdjMzJiZTgzNDliMjM4MDEzNWI0IiwidHlwIjoiSldUIiwiYWxnIjoiRVMyNTYifQ.eyJpc3MiOiJodHRwczovL2F1dGguY2FsZW5kbHkuY29tIiwiaWF0IjoxNzIzNTUyNjI1LCJqdGkiOiIxMzIxZjczZS1mYjA4LTRlMmQtYWFlZi02N2Q2NTA1NjYxMmMiLCJ1c2VyX3V1aWQiOiI2OWM1MDdiOC1iOTZjLTQ0MDMtYWFlZi1jYjdkNWUzYmU3YzQiLCJhcHBfdWlkIjoibGZibEN6RG9MS3BlZWlJT1BNanVGVFdZbmtUblQ2SVZrZ1I2SGpMS2U5VSIsImV4cCI6MTcyMzU1OTgyNX0.xtiWMWOfuRIdcg1ZOegG3Y1Z4wGKNjPdD6pAHu3MzkfW-q40JPysVe7OV18HFP9RzyWaU8jnwROccrtLJz6uLA",
            "calendly_refresh_token": "mJ2jbD7PFugN3nrbxSczBYf4W7YO64DNW0iAt4v6C1o",
            "calendly_token_expires_at": null,
            "profile_status": true,
            "testing_profile": false,
            "subjects": [
                3,
                5
            ],
            "values": [
                1,
                4
            ]
        }
    },
    {
        "model": "tutor_market.tutor",
        "pk": 2,
        "fields": {
            "user": 3,
            "display_name": "Holger",
            "hourly_rate": "13.00",
            "catch_phrase": "I will challenge you, but it will be worth it!",
            "description": "Ready to take your math and science skills to the next level? I'm Holger, your dedicated tutor. I promise to challenge you, but I guarantee it will be worth it! With a passion for making complex subjects accessible, I'll help you build a strong foundation and develop critical thinking abilities. Let's work together to unlock your full potential!",
            "profile_image": "tutor_images/Download_5.jpeg",
            "iban": "CH16123412342134",
            "calendly_event_url": "https://calendly.com/user1gipfeltutor/30min",
            "calendly_personal_token": null,
            "calendly_access_token": "eyJraWQiOiIxY2UxZTEzNjE3ZGNmNzY2YjNjZWJjY2Y4ZGM1YmFmYThhNjVlNjg0MDIzZjdjMzJiZTgzNDliMjM4MDEzNWI0IiwidHlwIjoiSldUIiwiYWxnIjoiRVMyNTYifQ.eyJpc3MiOiJodHRwczovL2F1dGguY2FsZW5kbHkuY29tIiwiaWF0IjoxNzIzNTUyNjc0LCJqdGkiOiI0N2M2MTQzYS1lNmIyLTQ5NmMtODJkNC1kYWU1MmI2YzQ3ZDAiLCJ1c2VyX3V1aWQiOiI0NWJiZjFhMS05ZDgwLTQ5YjYtOWQ1ZS00YzdmYTc1M2Q0YzciLCJhcHBfdWlkIjoibGZibEN6RG9MS3BlZWlJT1BNanVGVFdZbmtUblQ2SVZrZ1I2SGpMS2U5VSIsImV4cCI6MTcyMzU1OTg3NH0.wzgXMbl0e8zyYlKldtrLyVh4XfvisqzxSXdQqMb1RW_uEQnCPH_C-Kjd4NAgtY81pmxCs2QNWnIKA3yyv3p5wA",
            "calendly_refresh_token": "2Fq4dZWpITjx8RkQk5YEKYuUsEzlQJuc6K6dJUYlqW4",
            "calendly_token_expires_at": null,
            "profile_status": true,
            "testing_profile": false,
            "subjects": [
                2,
                4
            ],
            "values": [
                2,
                3,
                4
            ]
        }
    },
    {
        "model": "tutor_market.tutor",
        "pk": 4,
        "fields": {
            "user": 6,
            "display_name": "Maria",
            "hourly_rate": "18.00",
            "catch_phrase": "Tutoring with a smile!",
            "description": "Blblbl",
            "profile_image": "",
            "iban": "",
            "calendly_event_url": "https://calendly.com/maria85-schaefer/45-minute-meeting",
            "calendly_personal_token": null,
            "calendly_access_token": "eyJraWQiOiIxY2UxZTEzNjE3ZGNmNzY2YjNjZWJjY2Y4ZGM1YmFmYThhNjVlNjg0MDIzZjdjMzJiZTgzNDliMjM4MDEzNWI0IiwidHlwIjoiSldUIiwiYWxnIjoiRVMyNTYifQ.eyJpc3MiOiJodHRwczovL2F1dGguY2FsZW5kbHkuY29tIiwiaWF0IjoxNzIzNTU0MjY2LCJqdGkiOiJlN2YyNzBhYS01NTlmLTQ4ODctYTVmMi0zMTY1ZjhjMzU2MWYiLCJ1c2VyX3V1aWQiOiIxODBlNGQwYi00OTQ1LTRjYWYtYjM1OC1hODljNjk3MDJlOTgiLCJhcHBfdWlkIjoibGZibEN6RG9MS3BlZWlJT1BNanVGVFdZbmtUblQ2SVZrZ1I2SGpMS2U5VSIsImV4cCI6MTcyMzU2MTQ2Nn0.Y2pAcyMzJ-8S2bziCN4jFXqw7XlDYAtH7evGRZFQHN8dvQPaxe1xllHz6imCDZ8QgrNRUN-DijDa8qtqc2jLCw",
            "calendly_refresh_token": "2dR2m9x-vt3m_ibkSd3fFJEoQVb0lg7a8ZlFSa7fg-M",
            "calendly_token_expires_at": null,
            "profile_status": true,
            "testing_profile": false,
            "subjects": [
                6
            ],
            "values": [
                1,
                2,
                4
            ]
        }
    },
    {
        "model": "tutor_market.tutor",
        "pk": 6,
        "fields": {
            "user": 4,
            "display_name": "test student",
            "hourly_rate": "34.00",
            "catch_phrase": "Tutoring with a smile!",
            "description": "gfds",
            "profile_image": "",
            "iban": "",
            "calendly_event_url": null,
            "calendly_personal_token": null,
            "calendly_access_token": null,
            "calendly_refresh_token": null,
            "calendly_token_expires_at": null,
            "profile_status": false,
            "testing_profile": false,
            "subjects": [
                5
            ],
            "values": [
                4
            ]
        }
    },
    {
        "model": "tutor_market.tutor",
        "pk": 9,
        "fields": {
            "user": 9,
            "display_name": "benschaf tutor",
            "hourly_rate": "9.00",
            "catch_phrase": "Benschafs tutor account",
            "description": "My Account is awesome",
            "profile_image": "",
            "iban": "",
            "calendly_event_url": "https://calendly.com/benibschafer/30min",
            "calendly_personal_token": null,
            "calendly_access_token": "eyJraWQiOiIxY2UxZTEzNjE3ZGNmNzY2YjNjZWJjY2Y4ZGM1YmFmYThhNjVlNjg0MDIzZjdjMzJiZTgzNDliMjM4MDEzNWI0IiwidHlwIjoiSldUIiwiYWxnIjoiRVMyNTYifQ.eyJpc3MiOiJodHRwczovL2F1dGguY2FsZW5kbHkuY29tIiwiaWF0IjoxNzI1Mjc3ODgzLCJqdGkiOiIyNmQ5OTZiYi01NzQ3LTQ4NDgtYTQ1Ni0yYTVjYTQxYjUyNjQiLCJ1c2VyX3V1aWQiOiI4YzJiMTNjYi02ODQ0LTRkNzgtYjk2ZC1hN2NiMjdkMTE1YmEiLCJhcHBfdWlkIjoiRExFQmNOTVE3cmdFdnBJX0FfelVQWEprTEdSX08xRERWWXRwc0FhV21rYyIsImV4cCI6MTcyNTI4NTA4M30.ptT10KPF6jRL16OaQwHZdPFb5hWAzRCY2n-BU6ubCOm5sl4aoGCYVkTJ6CPJprkjGgrzR98YEVPRwn-uWdseCg",
            "calendly_refresh_token": "hxGouUm4MuO2AhL06PVoTp9eSbBie_cMkHCjf0Qzgsc",
            "calendly_token_expires_at": null,
            "profile_status": true,
            "testing_profile": false,
            "subjects": [
                2,
                3,
                4,
                5,
                6,
                7
            ],
            "values": [
                1,
                2,
                3,
                4
            ]
        }
    },
    {
        "model": "tutor_market.tutor",
        "pk": 100000002,
        "fields": {
            "user": 100000002,
            "display_name": "John",
            "hourly_rate": "20.00",
            "catch_phrase": "Learn math the fun way!",
            "description": "Hello! I'm John, a math enthusiast with a knack for making complex concepts simple and enjoyable. Whether you're struggling with algebra, geometry, or calculus, I'm here to help you master math with confidence. Let's make math fun and exciting together!",
            "profile_image": "tutor_images/Download_32.jpeg",
            "iban": "CH16123412341235",
            "calendly_event_url": "https://calendly.com/user2gipfeltutor/45min",
            "calendly_personal_token": null,
            "calendly_access_token": null,
            "calendly_refresh_token": null,
            "calendly_token_expires_at": null,
            "profile_status": true,
            "testing_profile": true,
            "subjects": [
                2,
                3
            ],
            "values": [
                2,
                3
            ]
        }
    },
    {
        "model": "tutor_market.tutor",
        "pk": 100000003,
        "fields": {
            "user": 100000003,
            "display_name": "Jane",
            "hourly_rate": "25.00",
            "catch_phrase": "Science is fun!",
            "description": "Hi! I'm Jane, a passionate science tutor with a love for all things biology and chemistry. My goal is to make science accessible and enjoyable for everyone. Whether you're preparing for exams or just curious about the natural world, I'm here to guide you through the wonders of science.",
            "profile_image": "tutor_images/Download_12_Klein.jpeg",
            "iban": "CH16123412341236",
            "calendly_event_url": "https://calendly.com/user2gipfeltutor/60min",
            "calendly_personal_token": null,
            "calendly_access_token": null,
            "calendly_refresh_token": null,
            "calendly_token_expires_at": null,
            "profile_status": true,
            "testing_profile": true,
            "subjects": [
                4,
                6
            ],
            "values": [
                1,
                2
            ]
        }
    },
    {
        "model": "tutor_market.tutor",
        "pk": 100000004,
        "fields": {
            "user": 100000004,
            "display_name": "Michael",
            "hourly_rate": "30.00",
            "catch_phrase": "History comes alive!",
            "description": "Greetings! I'm Michael, a history buff with a passion for storytelling. My lessons are designed to bring history to life, making it engaging and relevant. Whether you're studying for exams or just love history, I'm here to help you explore the past in a meaningful way.",
            "profile_image": "tutor_images/Download_30.jpeg",
            "iban": "CH16123412341237",
            "calendly_event_url": "https://calendly.com/user2gipfeltutor/90min",
            "calendly_personal_token": null,
            "calendly_access_token": null,
            "calendly_refresh_token": null,
            "calendly_token_expires_at": null,
            "profile_status": true,
            "testing_profile": true,
            "subjects": [
                7
            ],
            "values": [
                2,
                4
            ]
        }
    },
    {
        "model": "tutor_market.tutor",
        "pk": 100000005,
        "fields": {
            "user": 100000005,
            "display_name": "Emily",
            "hourly_rate": "35.00",
            "catch_phrase": "Master chemistry with ease!",
            "description": "Hi! I'm Emily, a chemistry tutor with a passion for teaching. My goal is to make chemistry understandable and enjoyable for all students. Whether you're preparing for exams or just want to improve your knowledge, I'm here to help you succeed.",
            "profile_image": "tutor_images/Download_16_Klein.jpeg",
            "iban": "CH16123412341238",
            "calendly_event_url": "https://calendly.com/user2gipfeltutor/120min",
            "calendly_personal_token": null,
            "calendly_access_token": null,
            "calendly_refresh_token": null,
            "calendly_token_expires_at": null,
            "profile_status": true,
            "testing_profile": true,
            "subjects": [
                6
            ],
            "values": [
                1,
                3
            ]
        }
    },
    {
        "model": "tutor_market.tutor",
        "pk": 100000006,
        "fields": {
            "user": 100000006,
            "display_name": "David",
            "hourly_rate": "40.00",
            "catch_phrase": "Excel in biology!",
            "description": "Hello! I'm David, a biology tutor with a deep love for the subject. My lessons are designed to make biology interesting and accessible. Whether you're studying for exams or just curious about life sciences, I'm here to help you achieve your goals.",
            "profile_image": "tutor_images/Download_17_Klein.jpeg",
            "iban": "CH16123412341239",
            "calendly_event_url": "https://calendly.com/user2gipfeltutor/150min",
            "calendly_personal_token": null,
            "calendly_access_token": null,
            "calendly_refresh_token": null,
            "calendly_token_expires_at": null,
            "profile_status": true,
            "testing_profile": true,
            "subjects": [
                4
            ],
            "values": [
                1,
                2
            ]
        }
    },
    {
        "model": "tutor_market.tutor",
        "pk": 100000007,
        "fields": {
            "user": 100000007,
            "display_name": "Sarah",
            "hourly_rate": "45.00",
            "catch_phrase": "Unlock the secrets of history!",
            "description": "Hi! I'm Sarah, a history tutor with a passion for uncovering the past. My lessons are designed to make history come alive and be relevant to today's world. Whether you're preparing for exams or just love history, I'm here to help you explore the past in a meaningful way.",
            "profile_image": "tutor_images/Download_18_Klein.jpeg",
            "iban": "CH16123412341240",
            "calendly_event_url": "https://calendly.com/user2gipfeltutor/180min",
            "calendly_personal_token": null,
            "calendly_access_token": null,
            "calendly_refresh_token": null,
            "calendly_token_expires_at": null,
            "profile_status": true,
            "testing_profile": true,
            "subjects": [
                7
            ],
            "values": [
                3,
                4
            ]
        }
    },
    {
        "model": "tutor_market.tutor",
        "pk": 100000008,
        "fields": {
            "user": 100000008,
            "display_name": "Chris",
            "hourly_rate": "50.00",
            "catch_phrase": "Master math with ease!",
            "description": "Hello! I'm Chris, a math tutor with a passion for teaching. My goal is to make math understandable and enjoyable for all students. Whether you're preparing for exams or just want to improve your knowledge, I'm here to help you succeed.",
            "profile_image": "tutor_images/Download_22.jpeg",
            "iban": "CH16123412341241",
            "calendly_event_url": "https://calendly.com/user2gipfeltutor/210min",
            "calendly_personal_token": null,
            "calendly_access_token": null,
            "calendly_refresh_token": null,
            "calendly_token_expires_at": null,
            "profile_status": true,
            "testing_profile": true,
            "subjects": [
                2,
                3
            ],
            "values": [
                2,
                3
            ]
        }
    },
    {
        "model": "tutor_market.tutor",
        "pk": 100000009,
        "fields": {
            "user": 100000009,
            "display_name": "Laura",
            "hourly_rate": "55.00",
            "catch_phrase": "Excel in English!",
            "description": "Hi! I'm Laura, an English tutor with a deep love for the subject. My lessons are designed to make English interesting and accessible. Whether you're studying for exams or just curious about literature, I'm here to help you achieve your goals.",
            "profile_image": "tutor_images/Download_9_Klein.jpeg",
            "iban": "CH16123412341242",
            "calendly_event_url": "https://calendly.com/user2gipfeltutor/240min",
            "calendly_personal_token": null,
            "calendly_access_token": null,
            "calendly_refresh_token": null,
            "calendly_token_expires_at": null,
            "profile_status": true,
            "testing_profile": true,
            "subjects": [
                3
            ],
            "values": [
                1,
                4
            ]
        }
    },
    {
        "model": "tutor_market.tutor",
        "pk": 100000010,
        "fields": {
            "user": 100000010,
            "display_name": "Matthew",
            "hourly_rate": "60.00",
            "catch_phrase": "Master physics with ease!",
            "description": "Hi! I'm Matthew, a physics tutor with a passion for teaching. My goal is to make physics understandable and enjoyable for all students. Whether you're preparing for exams or just want to improve your knowledge, I'm here to help you succeed.",
            "profile_image": "tutor_images/Download_31.jpeg",
            "iban": "CH16123412341243",
            "calendly_event_url": "https://calendly.com/user2gipfeltutor/270min",
            "calendly_personal_token": null,
            "calendly_access_token": null,
            "calendly_refresh_token": null,
            "calendly_token_expires_at": null,
            "profile_status": true,
            "testing_profile": true,
            "subjects": [
                4
            ],
            "values": [
                2,
                3
            ]
        }
    },
    {
        "model": "tutor_market.tutor",
        "pk": 100000011,
        "fields": {
            "user": 100000011,
            "display_name": "Olivia",
            "hourly_rate": "65.00",
            "catch_phrase": "Excel in chemistry!",
            "description": "Hello! I'm Olivia, a chemistry tutor with a deep love for the subject. My lessons are designed to make chemistry interesting and accessible. Whether you're studying for exams or just curious about the natural world, I'm here to help you achieve your goals.",
            "profile_image": "tutor_images/Download_8_Klein.jpeg",
            "iban": "CH16123412341244",
            "calendly_event_url": "https://calendly.com/user2gipfeltutor/300min",
            "calendly_personal_token": null,
            "calendly_access_token": null,
            "calendly_refresh_token": null,
            "calendly_token_expires_at": null,
            "profile_status": true,
            "testing_profile": true,
            "subjects": [
                6
            ],
            "values": [
                1,
                3
            ]
        }
    },
    {
        "model": "tutor_market.tutor",
        "pk": 100000012,
        "fields": {
            "user": 100000012,
            "display_name": "Daniel",
            "hourly_rate": "70.00",
            "catch_phrase": "Master computer science!",
            "description": "Hi! I'm Daniel, a computer science tutor with a passion for teaching. My goal is to make computer science understandable and enjoyable for all students. Whether you're preparing for exams or just want to improve your knowledge, I'm here to help you succeed.",
            "profile_image": "tutor_images/Download_6_Klein.jpeg",
            "iban": "CH16123412341245",
            "calendly_event_url": "https://calendly.com/user2gipfeltutor/330min",
            "calendly_personal_token": null,
            "calendly_access_token": null,
            "calendly_refresh_token": null,
            "calendly_token_expires_at": null,
            "profile_status": true,
            "testing_profile": true,
            "subjects": [
                5
            ],
            "values": [
                2,
                4
            ]
        }
    },
    {
        "model": "tutor_market.tutor",
        "pk": 100000013,
        "fields": {
            "user": 100000013,
            "display_name": "Sophia",
            "hourly_rate": "75.00",
            "catch_phrase": "Excel in literature!",
            "description": "Hello! I'm Sophia, a literature tutor with a deep love for the subject. My lessons are designed to make literature interesting and accessible. Whether you're studying for exams or just curious about literature, I'm here to help you achieve your goals.",
            "profile_image": "tutor_images/Download_19_Klein.jpeg",
            "iban": "CH16123412341246",
            "calendly_event_url": "https://calendly.com/user2gipfeltutor/360min",
            "calendly_personal_token": null,
            "calendly_access_token": null,
            "calendly_refresh_token": null,
            "calendly_token_expires_at": null,
            "profile_status": true,
            "testing_profile": true,
            "subjects": [
                3
            ],
            "values": [
                1,
                3
            ]
        }
    },
    {
        "model": "tutor_market.tutor",
        "pk": 100000014,
        "fields": {
            "user": 100000014,
            "display_name": "James",
            "hourly_rate": "80.00",
            "catch_phrase": "Master economics with ease!",
            "description": "Hi! I'm James, an economics tutor with a passion for teaching. My goal is to make economics understandable and enjoyable for all students. Whether you're preparing for exams or just want to improve your knowledge, I'm here to help you succeed.",
            "profile_image": "tutor_images/Download_11_Klein.jpeg",
            "iban": "CH16123412341247",
            "calendly_event_url": "https://calendly.com/user2gipfeltutor/390min",
            "calendly_personal_token": null,
            "calendly_access_token": null,
            "calendly_refresh_token": null,
            "calendly_token_expires_at": null,
            "profile_status": true,
            "testing_profile": true,
            "subjects": [
                7
            ],
            "values": [
                2,
                3
            ]
        }
    },
    {
        "model": "tutor_market.rating",
        "pk": 1,
        "fields": {
            "tutor": 1,
            "user": 4,
            "score": 5,
            "comment": "I had a great time with Marie and she showed me some great tricks when learning english! Thanks :D"
        }
    },
    {
        "model": "tutor_market.rating",
        "pk": 2,
        "fields": {
            "tutor": 2,
            "user": 10,
            "score": 5,
            "comment": "Our session went well!"
        }
    },
    {
        "model": "tutor_market.rating",
        "pk": 3,
        "fields": {
            "tutor": 4,
            "user": 12,
            "score": 1,
            "comment": "dfafad"
        }
    },
    {
        "model": "tutor_market.rating",
        "pk": 100000002,
        "fields": {
            "tutor": 100000002,
            "user": 100000003,
            "score": 4,
            "comment": "John is a great math tutor. He explains concepts clearly and makes learning enjoyable."
        }
    },
    {
        "model": "tutor_market.rating",
        "pk": 100000003,
        "fields": {
            "tutor": 100000002,
            "user": 100000003,
            "score": 5,
            "comment": "John helped me improve my math skills significantly. Highly recommended!"
        }
    },
    {
        "model": "tutor_market.rating",
        "pk": 100000004,
        "fields": {
            "tutor": 100000003,
            "user": 100000003,
            "score": 5,
            "comment": "Jane is an amazing science tutor. She makes learning biology and chemistry fun and interesting."
        }
    },
    {
        "model": "tutor_market.rating",
        "pk": 100000005,
        "fields": {
            "tutor": 100000003,
            "user": 100000002,
            "score": 4,
            "comment": "Jane's lessons are very informative and engaging. I learned a lot from her."
        }
    },
    {
        "model": "tutor_market.rating",
        "pk": 100000006,
        "fields": {
            "tutor": 100000004,
            "user": 100000003,
            "score": 5,
            "comment": "Michael's history lessons are fantastic. He makes history come alive with his storytelling."
        }
    },
    {
        "model": "tutor_market.rating",
        "pk": 100000007,
        "fields": {
            "tutor": 100000004,
            "user": 100000003,
            "score": 4,
            "comment": "Michael is a great history tutor. His lessons are engaging and informative."
        }
    },
    {
        "model": "tutor_market.rating",
        "pk": 100000008,
        "fields": {
            "tutor": 100000005,
            "user": 100000004,
            "score": 5,
            "comment": "Emily is a fantastic chemistry tutor. She makes complex topics easy to understand."
        }
    },
    {
        "model": "tutor_market.rating",
        "pk": 100000009,
        "fields": {
            "tutor": 100000005,
            "user": 100000002,
            "score": 4,
            "comment": "Emily's lessons are very helpful. I learned a lot from her."
        }
    },
    {
        "model": "tutor_market.rating",
        "pk": 100000010,
        "fields": {
            "tutor": 100000006,
            "user": 100000003,
            "score": 5,
            "comment": "David is an excellent biology tutor. His lessons are engaging and informative."
        }
    },
    {
        "model": "tutor_market.rating",
        "pk": 100000011,
        "fields": {
            "tutor": 100000006,
            "user": 100000004,
            "score": 4,
            "comment": "David's biology lessons are very helpful. I highly recommend him."
        }
    },
    {
        "model": "tutor_market.rating",
        "pk": 100000012,
        "fields": {
            "tutor": 100000007,
            "user": 100000004,
            "score": 5,
            "comment": "Sarah's history lessons are fantastic. She makes history come alive with her storytelling."
        }
    },
    {
        "model": "tutor_market.rating",
        "pk": 100000013,
        "fields": {
            "tutor": 100000007,
            "user": 100000002,
            "score": 4,
            "comment": "Sarah is a great history tutor. Her lessons are engaging and informative."
        }
    },
    {
        "model": "tutor_market.rating",
        "pk": 100000014,
        "fields": {
            "tutor": 100000008,
            "user": 100000003,
            "score": 5,
            "comment": "Chris is a fantastic math tutor. He makes complex topics easy to understand."
        }
    },
    {
        "model": "tutor_market.rating",
        "pk": 100000015,
        "fields": {
            "tutor": 100000008,
            "user": 100000004,
            "score": 4,
            "comment": "Chris's lessons are very helpful. I learned a lot from him."
        }
    },
    {
        "model": "tutor_market.rating",
        "pk": 100000016,
        "fields": {
            "tutor": 100000009,
            "user": 100000003,
            "score": 5,
            "comment": "Laura is an excellent English tutor. Her lessons are engaging and informative."
        }
    },
    {
        "model": "tutor_market.rating",
        "pk": 100000017,
        "fields": {
            "tutor": 100000009,
            "user": 100000002,
            "score": 4,
            "comment": "Laura's English lessons are very helpful. I highly recommend her."
        }
    },
    {
        "model": "tutor_market.rating",
        "pk": 100000018,
        "fields": {
            "tutor": 100000010,
            "user": 100000002,
            "score": 5,
            "comment": "Matthew is a fantastic physics tutor. He makes complex topics easy to understand."
        }
    },
    {
        "model": "tutor_market.rating",
        "pk": 100000019,
        "fields": {
            "tutor": 100000010,
            "user": 100000003,
            "score": 4,
            "comment": "Matthew's lessons are very helpful. I learned a lot from him."
        }
    },
    {
        "model": "tutor_market.rating",
        "pk": 100000020,
        "fields": {
            "tutor": 100000011,
            "user": 100000004,
            "score": 5,
            "comment": "Olivia is an excellent chemistry tutor. Her lessons are engaging and informative."
        }
    },
    {
        "model": "tutor_market.rating",
        "pk": 100000021,
        "fields": {
            "tutor": 100000011,
            "user": 100000005,
            "score": 4,
            "comment": "Olivia's chemistry lessons are very helpful. I highly recommend her."
        }
    },
    {
        "model": "tutor_market.rating",
        "pk": 100000022,
        "fields": {
            "tutor": 100000012,
            "user": 100000006,
            "score": 5,
            "comment": "Daniel is a fantastic computer science tutor. He makes complex topics easy to understand."
        }
    },
    {
        "model": "tutor_market.rating",
        "pk": 100000023,
        "fields": {
            "tutor": 100000012,
            "user": 100000007,
            "score": 4,
            "comment": "Daniel's lessons are very helpful. I learned a lot from him."
        }
    },
    {
        "model": "tutor_market.rating",
        "pk": 100000024,
        "fields": {
            "tutor": 100000013,
            "user": 100000008,
            "score": 5,
            "comment": "Sophia is an excellent literature tutor. Her lessons are engaging and informative."
        }
    },
    {
        "model": "tutor_market.rating",
        "pk": 100000025,
        "fields": {
            "tutor": 100000013,
            "user": 100000009,
            "score": 4,
            "comment": "Sophia's literature lessons are very helpful. I highly recommend her."
        }
    },
    {
        "model": "tutor_market.rating",
        "pk": 100000026,
        "fields": {
            "tutor": 100000014,
            "user": 100000010,
            "score": 5,
            "comment": "James is a fantastic economics tutor. He makes complex topics easy to understand."
        }
    },
    {
        "model": "tutor_market.rating",
        "pk": 100000027,
        "fields": {
            "tutor": 100000014,
            "user": 100000011,
            "score": 4,
            "comment": "James's lessons are very helpful. I learned a lot from him."
        }
    },
    {
        "model": "tutor_market.rating",
        "pk": 100000028,
        "fields": {
            "tutor": 1,
            "user": 100000012,
            "score": 4,
            "comment": "Marie was quite good, but I think she could add more interactive activities."
        }
    },
    {
        "model": "tutor_market.rating",
        "pk": 100000029,
        "fields": {
            "tutor": 1,
            "user": 100000013,
            "score": 5,
            "comment": "Marie is an excellent tutor! She really helped me improve my English."
        }
    },
    {
        "model": "tutor_market.rating",
        "pk": 100000030,
        "fields": {
            "tutor": 1,
            "user": 100000014,
            "score": 3,
            "comment": "Marie was okay, but I felt the session could have been more engaging."
        }
    },
    {
        "model": "tutor_market.rating",
        "pk": 100000031,
        "fields": {
            "tutor": 2,
            "user": 100000012,
            "score": 5,
            "comment": "Great session with lots of detailed explanations!"
        }
    },
    {
        "model": "tutor_market.rating",
        "pk": 100000032,
        "fields": {
            "tutor": 2,
            "user": 100000013,
            "score": 4,
            "comment": "Fantastic tutor! Highly recommend."
        }
    },
    {
        "model": "tutor_market.rating",
        "pk": 100000033,
        "fields": {
            "tutor": 2,
            "user": 100000014,
            "score": 3,
            "comment": "The session was average, nothing special."
        }
    },
    {
        "model": "tutor_market.rating",
        "pk": 100000034,
        "fields": {
            "tutor": 4,
            "user": 100000012,
            "score": 2,
            "comment": "Very disappointing session."
        }
    },
    {
        "model": "tutor_market.rating",
        "pk": 100000035,
        "fields": {
            "tutor": 4,
            "user": 100000013,
            "score": 3,
            "comment": "Not very helpful."
        }
    },
    {
        "model": "tutor_market.rating",
        "pk": 100000036,
        "fields": {
            "tutor": 4,
            "user": 100000014,
            "score": 4,
            "comment": "It was okay, but could be better."
        }
    },
    {
        "model": "tutor_market.rating",
        "pk": 100000037,
        "fields": {
            "tutor": 100000002,
            "user": 100000011,
            "score": 5,
            "comment": "John is an amazing tutor! He really knows his stuff."
        }
    },
    {
        "model": "tutor_market.rating",
        "pk": 100000038,
        "fields": {
            "tutor": 100000002,
            "user": 100000013,
            "score": 4,
            "comment": "John's lessons are very helpful."
        }
    },
    {
        "model": "tutor_market.rating",
        "pk": 100000039,
        "fields": {
            "tutor": 100000002,
            "user": 100000014,
            "score": 3,
            "comment": "John is good, but there's room for improvement."
        }
    },
    {
        "model": "tutor_market.rating",
        "pk": 100000040,
        "fields": {
            "tutor": 100000003,
            "user": 100000014,
            "score": 5,
            "comment": "Jane is fantastic! I learned so much."
        }
    },
    {
        "model": "tutor_market.rating",
        "pk": 100000041,
        "fields": {
            "tutor": 100000003,
            "user": 100000012,
            "score": 4,
            "comment": "Jane's lessons are very informative."
        }
    },
    {
        "model": "tutor_market.rating",
        "pk": 100000042,
        "fields": {
            "tutor": 100000003,
            "user": 100000012,
            "score": 3,
            "comment": "Jane is good, but could be more engaging."
        }
    },
    {
        "model": "tutor_market.rating",
        "pk": 100000043,
        "fields": {
            "tutor": 100000004,
            "user": 100000013,
            "score": 5,
            "comment": "Michael's history lessons are the best!"
        }
    },
    {
        "model": "tutor_market.rating",
        "pk": 100000044,
        "fields": {
            "tutor": 100000004,
            "user": 100000012,
            "score": 4,
            "comment": "Michael is a great tutor."
        }
    },
    {
        "model": "tutor_market.rating",
        "pk": 100000045,
        "fields": {
            "tutor": 100000004,
            "user": 100000014,
            "score": 3,
            "comment": "Michael's lessons are okay."
        }
    },
    {
        "model": "tutor_market.rating",
        "pk": 100000046,
        "fields": {
            "tutor": 100000005,
            "user": 100000005,
            "score": 5,
            "comment": "Emily is an excellent tutor!"
        }
    },
    {
        "model": "tutor_market.rating",
        "pk": 100000047,
        "fields": {
            "tutor": 100000005,
            "user": 100000011,
            "score": 4,
            "comment": "Emily's lessons are very helpful."
        }
    },
    {
        "model": "tutor_market.rating",
        "pk": 100000048,
        "fields": {
            "tutor": 100000005,
            "user": 100000012,
            "score": 3,
            "comment": "Emily is good, but could improve."
        }
    },
    {
        "model": "tutor_market.rating",
        "pk": 100000049,
        "fields": {
            "tutor": 100000006,
            "user": 100000013,
            "score": 5,
            "comment": "David is an amazing biology tutor!"
        }
    },
    {
        "model": "tutor_market.rating",
        "pk": 100000050,
        "fields": {
            "tutor": 100000006,
            "user": 100000014,
            "score": 4,
            "comment": "David's lessons are very informative."
        }
    },
    {
        "model": "tutor_market.rating",
        "pk": 100000051,
        "fields": {
            "tutor": 100000006,
            "user": 100000012,
            "score": 3,
            "comment": "David is good, but could be more engaging."
        }
    },
    {
        "model": "tutor_market.rating",
        "pk": 100000052,
        "fields": {
            "tutor": 100000007,
            "user": 100000013,
            "score": 5,
            "comment": "Sarah's history lessons are fantastic!"
        }
    },
    {
        "model": "tutor_market.rating",
        "pk": 100000053,
        "fields": {
            "tutor": 100000007,
            "user": 100000011,
            "score": 4,
            "comment": "Sarah is a great tutor."
        }
    },
    {
        "model": "tutor_market.rating",
        "pk": 100000054,
        "fields": {
            "tutor": 100000007,
            "user": 100000013,
            "score": 3,
            "comment": "Sarah's lessons are okay."
        }
    },
    {
        "model": "tutor_market.rating",
        "pk": 100000055,
        "fields": {
            "tutor": 100000008,
            "user": 100000012,
            "score": 5,
            "comment": "Chris is an excellent math tutor!"
        }
    },
    {
        "model": "tutor_market.rating",
        "pk": 100000056,
        "fields": {
            "tutor": 100000008,
            "user": 100000011,
            "score": 4,
            "comment": "Chris's lessons are very helpful."
        }
    },
    {
        "model": "tutor_market.rating",
        "pk": 100000057,
        "fields": {
            "tutor": 100000008,
            "user": 100000011,
            "score": 3,
            "comment": "Chris is good, but could improve."
        }
    },
    {
        "model": "tutor_market.rating",
        "pk": 100000058,
        "fields": {
            "tutor": 100000009,
            "user": 100000009,
            "score": 5,
            "comment": "Laura is an amazing English tutor! Highly recommend."
        }
    },
    {
        "model": "tutor_market.rating",
        "pk": 100000059,
        "fields": {
            "tutor": 100000009,
            "user": 100000010,
            "score": 4,
            "comment": "Laura's lessons are very helpful."
        }
    },
    {
        "model": "tutor_market.rating",
        "pk": 100000060,
        "fields": {
            "tutor": 100000009,
            "user": 100000008,
            "score": 3,
            "comment": "Laura is good, but there's room for improvement."
        }
    },
    {
        "model": "tutor_market.rating",
        "pk": 100000061,
        "fields": {
            "tutor": 100000010,
            "user": 100000005,
            "score": 5,
            "comment": "Matthew is a fantastic physics tutor!"
        }
    },
    {
        "model": "tutor_market.rating",
        "pk": 100000062,
        "fields": {
            "tutor": 100000010,
            "user": 100000006,
            "score": 4,
            "comment": "Matthew's lessons are very informative."
        }
    },
    {
        "model": "tutor_market.rating",
        "pk": 100000063,
        "fields": {
            "tutor": 100000010,
            "user": 100000007,
            "score": 3,
            "comment": "Matthew is good, but could be more engaging."
        }
    },
    {
        "model": "tutor_market.rating",
        "pk": 100000064,
        "fields": {
            "tutor": 100000011,
            "user": 100000008,
            "score": 5,
            "comment": "Olivia is an excellent chemistry tutor!"
        }
    },
    {
        "model": "tutor_market.rating",
        "pk": 100000065,
        "fields": {
            "tutor": 100000011,
            "user": 100000009,
            "score": 4,
            "comment": "Olivia's lessons are very helpful."
        }
    },
    {
        "model": "tutor_market.rating",
        "pk": 100000066,
        "fields": {
            "tutor": 100000011,
            "user": 100000010,
            "score": 3,
            "comment": "Olivia is good, but could improve."
        }
    },
    {
        "model": "tutor_market.rating",
        "pk": 100000067,
        "fields": {
            "tutor": 100000012,
            "user": 100000011,
            "score": 5,
            "comment": "Daniel is a fantastic computer science tutor!"
        }
    },
    {
        "model": "tutor_market.rating",
        "pk": 100000068,
        "fields": {
            "tutor": 100000012,
            "user": 100000012,
            "score": 4,
            "comment": "Daniel's lessons are very informative."
        }
    },
    {
        "model": "tutor_market.rating",
        "pk": 100000069,
        "fields": {
            "tutor": 100000012,
            "user": 100000013,
            "score": 3,
            "comment": "Daniel is good, but could be more engaging."
        }
    },
    {
        "model": "tutor_market.rating",
        "pk": 100000070,
        "fields": {
            "tutor": 100000013,
            "user": 100000014,
            "score": 5,
            "comment": "Sophia is an excellent literature tutor!"
        }
    },
    {
        "model": "tutor_market.rating",
        "pk": 100000071,
        "fields": {
            "tutor": 100000013,
            "user": 100000011,
            "score": 4,
            "comment": "Sophia's lessons are very helpful."
        }
    },
    {
        "model": "tutor_market.rating",
        "pk": 100000072,
        "fields": {
            "tutor": 100000013,
            "user": 100000012,
            "score": 3,
            "comment": "Sophia is good, but could improve."
        }
    },
    {
        "model": "tutor_market.rating",
        "pk": 100000073,
        "fields": {
            "tutor": 100000014,
            "user": 100000007,
            "score": 5,
            "comment": "James is a fantastic economics tutor!"
        }
    },
    {
        "model": "tutor_market.rating",
        "pk": 100000074,
        "fields": {
            "tutor": 100000014,
            "user": 100000008,
            "score": 4,
            "comment": "James's lessons are very informative."
        }
    },
    {
        "model": "tutor_market.rating",
        "pk": 100000075,
        "fields": {
            "tutor": 100000014,
            "user": 100000009,
            "score": 3,
            "comment": "James is good, but could be more engaging."
        }
    },
    {
        "model": "tutor_market.rating",
        "pk": 100000076,
        "fields": {
            "tutor": 100000014,
            "user": 11,
            "score": 3,
            "comment": "it was alright"
        }
    }
]